Team,Year,OT Losses,GF,GA,Wins,Losses,Win_rate,Diff
0,Boston Bruins,1990,,299,264,44,24,0.6470588235294118,35
1,Buffalo Sabres,1990,,292,278,31,30,0.5081967213114754,14
2,Calgary Flames,1990,,344,263,46,26,0.6388888888888888,81
3,Chicago Blackhawks,1990,,284,211,49,23,0.6805555555555556,73
4,Detroit Red Wings,1990,,273,298,34,38,0.4722222222222222,-25
5,Edmonton Oilers,1990,,272,272,37,37,0.5,0
6,Hartford Whalers,1990,,238,276,31,38,0.4492753623188406,-38
7,Los Angeles Kings,1990,,340,254,46,24,0.6571428571428571,86
8,Minnesota North Stars,1990,,256,266,27,39,0.4090909090909091,-10
9,Montreal Canadiens,1990,,273,249,39,30,0.5652173913043478,24
10,New Jersey Devils,1990,,272,264,32,33,0.49230769230769234,8
11,New York Islanders,1990,,223,290,25,45,0.35714285714285715,-67
12,New York Rangers,1990,,297,265,36,31,0.5373134328358209,32
13,Philadelphia Flyers,1990,,252,267,33,37,0.4714285714285714,-15
14,Pittsburgh Penguins,1990,,342,305,41,33,0.5540540540540541,37
15,Quebec Nordiques,1990,,236,354,16,50,0.24242424242424243,-118
16,St. Louis Blues,1990,,310,250,47,22,0.6811594202898551,60
17,Toronto Maple Leafs,1990,,241,318,23,46,0.3333333333333333,-77
18,Vancouver Canucks,1990,,243,315,28,43,0.39436619718309857,-72
19,Washington Capitals,1990,,258,258,37,36,0.5068493150684932,0
20,Winnipeg Jets,1990,,260,288,26,43,0.37681159420289856,-28
21,Boston Bruins,1991,,270,275,36,32,0.5294117647058824,-5
22,Buffalo Sabres,1991,,289,299,31,37,0.45588235294117646,-10
23,Calgary Flames,1991,,296,305,31,37,0.45588235294117646,-9
24,Chicago Blackhawks,1991,,257,236,36,29,0.5538461538461539,21
25,Detroit Red Wings,1991,,320,256,43,25,0.6323529411764706,64
26,Edmonton Oilers,1991,,295,297,36,34,0.5142857142857142,-2
27,Hartford Whalers,1991,,247,283,26,41,0.3880597014925373,-36
28,Los Angeles Kings,1991,,287,296,35,31,0.5303030303030303,-9
29,Minnesota North Stars,1991,,246,278,32,42,0.43243243243243246,-32
30,Montreal Canadiens,1991,,267,207,41,28,0.5942028985507246,60
31,New Jersey Devils,1991,,289,259,38,31,0.5507246376811594,30
32,New York Islanders,1991,,291,299,34,35,0.4927536231884058,-8
33,New York Rangers,1991,,321,246,50,25,0.6666666666666666,75
34,Philadelphia Flyers,1991,,252,273,32,37,0.463768115942029,-21
35,Pittsburgh Penguins,1991,,343,308,39,32,0.5492957746478874,35
36,Quebec Nordiques,1991,,255,318,20,48,0.29411764705882354,-63
37,San Jose Sharks,1991,,219,359,17,58,0.22666666666666666,-140
38,St. Louis Blues,1991,,279,266,36,33,0.5217391304347826,13
39,Toronto Maple Leafs,1991,,234,294,30,43,0.410958904109589,-60
40,Vancouver Canucks,1991,,285,250,42,26,0.6176470588235294,35
41,Washington Capitals,1991,,330,275,45,27,0.625,55
42,Winnipeg Jets,1991,,251,244,33,32,0.5076923076923077,7
43,Boston Bruins,1992,,332,268,51,26,0.6623376623376623,64
44,Buffalo Sabres,1992,,335,297,38,36,0.5135135135135135,38
45,Calgary Flames,1992,,322,282,43,30,0.589041095890411,40
46,Chicago Blackhawks,1992,,279,230,47,25,0.6527777777777778,49
47,Detroit Red Wings,1992,,369,280,47,28,0.6266666666666667,89
48,Edmonton Oilers,1992,,242,337,26,50,0.34210526315789475,-95
49,Hartford Whalers,1992,,284,369,26,52,0.3333333333333333,-85
50,Los Angeles Kings,1992,,338,340,39,35,0.527027027027027,-2
51,Minnesota North Stars,1992,,272,293,36,38,0.4864864864864865,-21
52,Montreal Canadiens,1992,,326,280,48,30,0.6153846153846154,46
53,New Jersey Devils,1992,,308,299,40,37,0.5194805194805194,9
54,New York Islanders,1992,,335,297,40,37,0.5194805194805194,38
55,New York Rangers,1992,,304,308,34,39,0.4657534246575342,-4
56,Ottawa Senators,1992,,202,395,10,70,0.125,-193
57,Philadelphia Flyers,1992,,319,319,36,37,0.4931506849315068,0
58,Pittsburgh Penguins,1992,,367,268,56,21,0.7272727272727273,99
59,Quebec Nordiques,1992,,351,300,47,27,0.6351351351351351,51
60,San Jose Sharks,1992,,218,414,11,71,0.13414634146341464,-196
61,St. Louis Blues,1992,,282,278,37,36,0.5068493150684932,4
62,Tampa Bay Lightning,1992,,245,332,23,54,0.2987012987012987,-87
63,Toronto Maple Leafs,1992,,288,241,44,29,0.6027397260273972,47
64,Vancouver Canucks,1992,,346,278,46,29,0.6133333333333333,68
65,Washington Capitals,1992,,325,286,43,34,0.5584415584415584,39
66,Winnipeg Jets,1992,,322,320,40,37,0.5194805194805194,2
67,Mighty Ducks of Anaheim,1993,,229,251,33,46,0.4177215189873418,-22
68,Boston Bruins,1993,,289,252,42,29,0.5915492957746479,37
69,Buffalo Sabres,1993,,282,218,43,32,0.5733333333333334,64
70,Calgary Flames,1993,,302,256,42,29,0.5915492957746479,46
71,Chicago Blackhawks,1993,,254,240,39,36,0.52,14
72,Dallas Stars,1993,,286,265,42,29,0.5915492957746479,21
73,Detroit Red Wings,1993,,356,275,46,30,0.6052631578947368,81
74,Edmonton Oilers,1993,,261,305,25,45,0.35714285714285715,-44
75,Florida Panthers,1993,,233,233,33,34,0.4925373134328358,0
76,Hartford Whalers,1993,,227,288,27,48,0.36,-61
77,Los Angeles Kings,1993,,294,322,27,45,0.375,-28
78,Montreal Canadiens,1993,,283,248,41,29,0.5857142857142857,35
79,New Jersey Devils,1993,,306,220,47,25,0.6527777777777778,86
80,New York Islanders,1993,,282,264,36,36,0.5,18
81,New York Rangers,1993,,299,231,52,24,0.6842105263157895,68
82,Ottawa Senators,1993,,201,397,14,61,0.18666666666666668,-196
83,Philadelphia Flyers,1993,,294,314,35,39,0.47297297297297297,-20
84,Pittsburgh Penguins,1993,,299,285,44,27,0.6197183098591549,14
85,Quebec Nordiques,1993,,277,292,34,42,0.4473684210526316,-15
86,San Jose Sharks,1993,,252,265,33,35,0.4852941176470588,-13
87,St. Louis Blues,1993,,270,283,40,33,0.547945205479452,-13
88,Tampa Bay Lightning,1993,,224,251,30,43,0.410958904109589,-27
89,Toronto Maple Leafs,1993,,280,243,43,29,0.5972222222222222,37
90,Vancouver Canucks,1993,,279,276,41,40,0.5061728395061729,3
91,Washington Capitals,1993,,277,263,39,35,0.527027027027027,14
92,Winnipeg Jets,1993,,245,344,24,51,0.32,-99
93,Mighty Ducks of Anaheim,1994,,125,164,16,27,0.37209302325581395,-39
94,Boston Bruins,1994,,150,127,27,18,0.6,23
95,Buffalo Sabres,1994,,130,119,22,19,0.5365853658536586,11
96,Calgary Flames,1994,,163,135,24,17,0.5853658536585366,28
97,Chicago Blackhawks,1994,,156,115,24,19,0.5581395348837209,41
98,Dallas Stars,1994,,136,135,17,23,0.425,1
99,Detroit Red Wings,1994,,180,117,33,11,0.75,63
100,Edmonton Oilers,1994,,136,183,17,27,0.38636363636363635,-47
101,Florida Panthers,1994,,115,127,20,22,0.47619047619047616,-12
102,Hartford Whalers,1994,,127,141,19,24,0.4418604651162791,-14
103,Los Angeles Kings,1994,,142,174,16,23,0.41025641025641024,-32
104,Montreal Canadiens,1994,,125,148,18,23,0.43902439024390244,-23
105,New Jersey Devils,1994,,136,121,22,18,0.55,15
106,New York Islanders,1994,,126,158,15,28,0.3488372093023256,-32
107,New York Rangers,1994,,139,134,22,23,0.4888888888888889,5
108,Ottawa Senators,1994,,117,174,9,34,0.20930232558139536,-57
109,Philadelphia Flyers,1994,,150,132,28,16,0.6363636363636364,18
110,Pittsburgh Penguins,1994,,181,158,29,16,0.6444444444444445,23
111,Quebec Nordiques,1994,,185,134,30,13,0.6976744186046512,51
112,San Jose Sharks,1994,,129,161,19,25,0.4318181818181818,-32
113,St. Louis Blues,1994,,178,135,28,15,0.6511627906976745,43
114,Tampa Bay Lightning,1994,,120,144,17,28,0.37777777777777777,-24
115,Toronto Maple Leafs,1994,,135,146,21,19,0.525,-11
116,Vancouver Canucks,1994,,153,148,18,18,0.5,5
117,Washington Capitals,1994,,136,120,22,18,0.55,16
118,Winnipeg Jets,1994,,157,177,16,25,0.3902439024390244,-20
119,Mighty Ducks of Anaheim,1995,,234,247,35,39,0.47297297297297297,-13
120,Boston Bruins,1995,,282,269,40,31,0.5633802816901409,13
121,Buffalo Sabres,1995,,247,262,33,42,0.44,-15
122,Calgary Flames,1995,,241,240,34,37,0.4788732394366197,1
123,Chicago Blackhawks,1995,,273,220,40,28,0.5882352941176471,53
124,Colorado Avalanche,1995,,326,240,47,25,0.6527777777777778,86
125,Dallas Stars,1995,,227,280,26,42,0.38235294117647056,-53
126,Detroit Red Wings,1995,,325,181,62,13,0.8266666666666667,144
127,Edmonton Oilers,1995,,240,304,30,44,0.40540540540540543,-64
128,Florida Panthers,1995,,254,234,41,31,0.5694444444444444,20
129,Hartford Whalers,1995,,237,259,34,39,0.4657534246575342,-22
130,Los Angeles Kings,1995,,256,302,24,40,0.375,-46
131,Montreal Canadiens,1995,,265,248,40,32,0.5555555555555556,17
132,New Jersey Devils,1995,,215,202,37,33,0.5285714285714286,13
133,New York Islanders,1995,,229,315,22,50,0.3055555555555556,-86
134,New York Rangers,1995,,272,237,41,27,0.6029411764705882,35
135,Ottawa Senators,1995,,191,291,18,59,0.23376623376623376,-100
136,Philadelphia Flyers,1995,,282,208,45,24,0.6521739130434783,74
137,Pittsburgh Penguins,1995,,362,284,49,29,0.6282051282051282,78
138,San Jose Sharks,1995,,252,357,20,55,0.26666666666666666,-105
139,St. Louis Blues,1995,,219,248,32,34,0.48484848484848486,-29
140,Tampa Bay Lightning,1995,,238,248,38,32,0.5428571428571428,-10
141,Toronto Maple Leafs,1995,,247,252,34,36,0.4857142857142857,-5
142,Vancouver Canucks,1995,,278,278,32,35,0.47761194029850745,0
143,Washington Capitals,1995,,234,204,39,32,0.5492957746478874,30
144,Winnipeg Jets,1995,,275,291,36,40,0.47368421052631576,-16
145,Mighty Ducks of Anaheim,1996,,245,233,36,33,0.5217391304347826,12
146,Boston Bruins,1996,,234,300,26,47,0.3561643835616438,-66
147,Buffalo Sabres,1996,,237,208,40,30,0.5714285714285714,29
148,Calgary Flames,1996,,214,239,32,41,0.4383561643835616,-25
149,Chicago Blackhawks,1996,,223,210,34,35,0.4927536231884058,13
150,Colorado Avalanche,1996,,277,205,49,24,0.6712328767123288,72
151,Dallas Stars,1996,,252,198,48,26,0.6486486486486487,54
152,Detroit Red Wings,1996,,253,197,38,26,0.59375,56
153,Edmonton Oilers,1996,,252,247,36,37,0.4931506849315068,5
154,Florida Panthers,1996,,221,201,35,28,0.5555555555555556,20
155,Hartford Whalers,1996,,226,256,32,39,0.4507042253521127,-30
156,Los Angeles Kings,1996,,214,268,28,43,0.39436619718309857,-54
157,Montreal Canadiens,1996,,249,276,31,36,0.4626865671641791,-27
158,New Jersey Devils,1996,,231,182,45,23,0.6617647058823529,49
159,New York Islanders,1996,,240,250,29,41,0.4142857142857143,-10
160,New York Rangers,1996,,258,231,38,34,0.5277777777777778,27
161,Ottawa Senators,1996,,226,234,31,36,0.4626865671641791,-8
162,Philadelphia Flyers,1996,,274,217,45,24,0.6521739130434783,57
163,Phoenix Coyotes,1996,,240,243,38,37,0.5066666666666667,-3
164,Pittsburgh Penguins,1996,,285,280,38,36,0.5135135135135135,5
165,San Jose Sharks,1996,,211,278,27,47,0.36486486486486486,-67
166,St. Louis Blues,1996,,236,239,36,35,0.5070422535211268,-3
167,Tampa Bay Lightning,1996,,217,247,32,40,0.4444444444444444,-30
168,Toronto Maple Leafs,1996,,230,273,30,44,0.40540540540540543,-43
169,Vancouver Canucks,1996,,257,273,35,40,0.4666666666666667,-16
170,Washington Capitals,1996,,214,231,33,40,0.4520547945205479,-17
171,Mighty Ducks of Anaheim,1997,,205,261,26,43,0.37681159420289856,-56
172,Boston Bruins,1997,,221,194,39,30,0.5652173913043478,27
173,Buffalo Sabres,1997,,211,187,36,29,0.5538461538461539,24
174,Calgary Flames,1997,,217,252,26,41,0.3880597014925373,-35
175,Carolina Hurricanes,1997,,200,219,33,41,0.44594594594594594,-19
176,Chicago Blackhawks,1997,,192,199,30,39,0.43478260869565216,-7
177,Colorado Avalanche,1997,,231,205,39,26,0.6,26
178,Dallas Stars,1997,,242,167,49,22,0.6901408450704225,75
179,Detroit Red Wings,1997,,250,196,44,23,0.6567164179104478,54
180,Edmonton Oilers,1997,,215,224,35,37,0.4861111111111111,-9
181,Florida Panthers,1997,,203,256,24,43,0.3582089552238806,-53
182,Los Angeles Kings,1997,,227,225,38,33,0.5352112676056338,2
183,Montreal Canadiens,1997,,235,208,37,32,0.5362318840579711,27
184,New Jersey Devils,1997,,225,166,48,23,0.676056338028169,59
185,New York Islanders,1997,,212,225,30,41,0.4225352112676056,-13
186,New York Rangers,1997,,197,231,25,39,0.390625,-34
187,Ottawa Senators,1997,,193,200,34,33,0.5074626865671642,-7
188,Philadelphia Flyers,1997,,242,193,42,29,0.5915492957746479,49
189,Phoenix Coyotes,1997,,224,227,35,35,0.5,-3
190,Pittsburgh Penguins,1997,,228,188,40,24,0.625,40
191,San Jose Sharks,1997,,210,216,34,38,0.4722222222222222,-6
192,St. Louis Blues,1997,,256,204,45,29,0.6081081081081081,52
193,Tampa Bay Lightning,1997,,151,269,17,55,0.2361111111111111,-118
194,Toronto Maple Leafs,1997,,194,237,30,43,0.410958904109589,-43
195,Vancouver Canucks,1997,,224,273,25,43,0.36764705882352944,-49
196,Washington Capitals,1997,,219,202,40,30,0.5714285714285714,17
197,Mighty Ducks of Anaheim,1998,,215,206,35,34,0.5072463768115942,9
198,Boston Bruins,1998,,214,181,39,30,0.5652173913043478,33
199,Buffalo Sabres,1998,,207,175,37,28,0.5692307692307692,32
200,Calgary Flames,1998,,211,234,30,40,0.42857142857142855,-23
201,Carolina Hurricanes,1998,,210,202,34,30,0.53125,8
202,Chicago Blackhawks,1998,,202,248,29,41,0.4142857142857143,-46
203,Colorado Avalanche,1998,,239,205,44,28,0.6111111111111112,34
204,Dallas Stars,1998,,236,168,51,19,0.7285714285714285,68
205,Detroit Red Wings,1998,,245,202,43,32,0.5733333333333334,43
206,Edmonton Oilers,1998,,230,226,33,37,0.4714285714285714,4
207,Florida Panthers,1998,,210,228,30,34,0.46875,-18
208,Los Angeles Kings,1998,,189,222,32,45,0.4155844155844156,-33
209,Montreal Canadiens,1998,,184,209,32,39,0.4507042253521127,-25
210,Nashville Predators,1998,,190,261,28,47,0.37333333333333335,-71
211,New Jersey Devils,1998,,248,196,47,24,0.6619718309859155,52
212,New York Islanders,1998,,194,244,24,48,0.3333333333333333,-50
213,New York Rangers,1998,,217,227,33,38,0.4647887323943662,-10
214,Ottawa Senators,1998,,239,179,44,23,0.6567164179104478,60
215,Philadelphia Flyers,1998,,231,196,37,26,0.5873015873015873,35
216,Phoenix Coyotes,1998,,205,197,39,31,0.5571428571428572,8
217,Pittsburgh Penguins,1998,,242,225,38,30,0.5588235294117647,17
218,San Jose Sharks,1998,,196,191,31,33,0.484375,5
219,St. Louis Blues,1998,,237,209,37,32,0.5362318840579711,28
220,Tampa Bay Lightning,1998,,179,292,19,54,0.2602739726027397,-113
221,Toronto Maple Leafs,1998,,268,231,45,30,0.6,37
222,Vancouver Canucks,1998,,192,258,23,47,0.32857142857142857,-66
223,Washington Capitals,1998,,200,218,31,45,0.40789473684210525,-18
224,Mighty Ducks of Anaheim,1999,3,217,227,34,33,0.5074626865671642,-10
225,Atlanta Thrashers,1999,4,170,313,14,57,0.19718309859154928,-143
226,Boston Bruins,1999,6,210,248,24,33,0.42105263157894735,-38
227,Buffalo Sabres,1999,4,213,204,35,32,0.5223880597014925,9
228,Calgary Flames,1999,5,211,256,31,36,0.4626865671641791,-45
229,Carolina Hurricanes,1999,0,217,216,37,35,0.5138888888888888,1
230,Chicago Blackhawks,1999,2,242,245,33,37,0.4714285714285714,-3
231,Colorado Avalanche,1999,1,233,201,42,28,0.6,32
232,Dallas Stars,1999,6,211,184,43,23,0.6515151515151515,27
233,Detroit Red Wings,1999,2,278,210,48,22,0.6857142857142857,68
234,Edmonton Oilers,1999,8,226,212,32,26,0.5517241379310345,14
235,Florida Panthers,1999,6,244,209,43,27,0.6142857142857143,35
236,Los Angeles Kings,1999,4,245,228,39,27,0.5909090909090909,17
237,Montreal Canadiens,1999,4,196,194,35,34,0.5072463768115942,2
238,Nashville Predators,1999,7,199,240,28,40,0.4117647058823529,-41
239,New Jersey Devils,1999,5,251,203,45,24,0.6521739130434783,48
240,New York Islanders,1999,1,194,275,24,48,0.3333333333333333,-81
241,New York Rangers,1999,3,218,246,29,38,0.43283582089552236,-28
242,Ottawa Senators,1999,2,244,210,41,28,0.5942028985507246,34
243,Philadelphia Flyers,1999,3,237,179,45,22,0.6716417910447762,58
244,Phoenix Coyotes,1999,4,232,228,39,31,0.5571428571428572,4
245,Pittsburgh Penguins,1999,6,241,236,37,31,0.5441176470588235,5
246,San Jose Sharks,1999,7,225,214,35,30,0.5384615384615384,11
247,St. Louis Blues,1999,1,248,165,51,19,0.7285714285714285,83
248,Tampa Bay Lightning,1999,7,204,310,19,47,0.2878787878787879,-106
249,Toronto Maple Leafs,1999,3,246,222,45,27,0.625,24
250,Vancouver Canucks,1999,8,227,237,30,29,0.5084745762711864,-10
251,Washington Capitals,1999,2,227,194,44,24,0.6470588235294118,33
252,Mighty Ducks of Anaheim,2000,5,188,245,25,41,0.3787878787878788,-57
253,Atlanta Thrashers,2000,2,211,289,23,45,0.3382352941176471,-78
254,Boston Bruins,2000,8,227,249,36,30,0.5454545454545454,-22
255,Buffalo Sabres,2000,1,218,184,46,30,0.6052631578947368,34
256,Calgary Flames,2000,4,197,236,27,36,0.42857142857142855,-39
257,Carolina Hurricanes,2000,3,212,225,38,32,0.5428571428571428,-13
258,Columbus Blue Jackets,2000,6,190,233,28,39,0.417910447761194,-43
259,Chicago Blackhawks,2000,5,210,246,29,40,0.42028985507246375,-36
260,Colorado Avalanche,2000,4,270,192,52,16,0.7647058823529411,78
261,Dallas Stars,2000,2,241,187,48,24,0.6666666666666666,54
262,Detroit Red Wings,2000,4,253,202,49,20,0.7101449275362319,51
263,Edmonton Oilers,2000,3,243,222,39,28,0.582089552238806,21
264,Florida Panthers,2000,9,200,246,22,38,0.36666666666666664,-46
265,Los Angeles Kings,2000,3,252,228,38,28,0.5757575757575758,24
266,Minnesota Wild,2000,5,168,210,25,39,0.390625,-42
267,Montreal Canadiens,2000,6,206,232,28,40,0.4117647058823529,-26
268,Nashville Predators,2000,3,186,200,34,36,0.4857142857142857,-14
269,New Jersey Devils,2000,3,295,195,48,19,0.7164179104477612,100
270,New York Islanders,2000,3,185,268,21,51,0.2916666666666667,-83
271,New York Rangers,2000,1,250,290,33,43,0.4342105263157895,-40
272,Ottawa Senators,2000,4,274,205,48,21,0.6956521739130435,69
273,Philadelphia Flyers,2000,3,240,207,43,25,0.6323529411764706,33
274,Phoenix Coyotes,2000,3,214,212,35,27,0.5645161290322581,2
275,Pittsburgh Penguins,2000,3,281,256,42,28,0.6,25
276,San Jose Sharks,2000,3,217,192,40,27,0.5970149253731343,25
277,St. Louis Blues,2000,5,249,195,43,22,0.6615384615384615,54
278,Tampa Bay Lightning,2000,5,201,280,24,47,0.3380281690140845,-79
279,Toronto Maple Leafs,2000,5,232,207,37,29,0.5606060606060606,25
280,Vancouver Canucks,2000,7,239,238,36,28,0.5625,1
281,Washington Capitals,2000,4,233,211,41,27,0.6029411764705882,22
282,Mighty Ducks of Anaheim,2001,3,175,198,29,42,0.4084507042253521,-23
283,Atlanta Thrashers,2001,5,187,288,19,47,0.2878787878787879,-101
284,Boston Bruins,2001,9,236,201,43,24,0.6417910447761194,35
285,Buffalo Sabres,2001,1,213,200,35,35,0.5,13
286,Calgary Flames,2001,3,201,220,32,35,0.47761194029850745,-19
287,Carolina Hurricanes,2001,5,217,217,35,26,0.5737704918032787,0
288,Columbus Blue Jackets,2001,5,164,255,22,47,0.3188405797101449,-91
289,Chicago Blackhawks,2001,1,216,207,41,27,0.6029411764705882,9
290,Colorado Avalanche,2001,1,212,169,45,28,0.6164383561643836,43
291,Dallas Stars,2001,5,215,213,36,28,0.5625,2
292,Detroit Red Wings,2001,4,251,187,51,17,0.75,64
293,Edmonton Oilers,2001,4,205,182,38,28,0.5757575757575758,23
294,Florida Panthers,2001,6,180,250,22,44,0.3333333333333333,-70
295,Los Angeles Kings,2001,4,214,190,40,27,0.5970149253731343,24
296,Minnesota Wild,2001,9,195,238,26,35,0.4262295081967213,-43
297,Montreal Canadiens,2001,3,207,209,36,31,0.5373134328358209,-2
298,Nashville Predators,2001,0,196,230,28,41,0.4057971014492754,-34
299,New Jersey Devils,2001,4,205,187,41,28,0.5942028985507246,18
300,New York Islanders,2001,4,239,220,42,28,0.6,19
301,New York Rangers,2001,4,227,258,36,38,0.4864864864864865,-31
302,Ottawa Senators,2001,7,243,208,39,27,0.5909090909090909,35
303,Philadelphia Flyers,2001,3,234,192,42,27,0.6086956521739131,42
304,Phoenix Coyotes,2001,6,228,210,40,27,0.5970149253731343,18
305,Pittsburgh Penguins,2001,5,198,249,28,41,0.4057971014492754,-51
306,San Jose Sharks,2001,3,248,199,44,27,0.6197183098591549,49
307,St. Louis Blues,2001,4,227,188,43,27,0.6142857142857143,39
308,Tampa Bay Lightning,2001,4,178,219,27,40,0.40298507462686567,-41
309,Toronto Maple Leafs,2001,4,249,207,43,25,0.6323529411764706,42
310,Vancouver Canucks,2001,3,254,211,42,30,0.5833333333333334,43
311,Washington Capitals,2001,2,228,240,36,33,0.5217391304347826,-12
312,Mighty Ducks of Anaheim,2002,6,203,193,40,27,0.5970149253731343,10
313,Atlanta Thrashers,2002,5,226,284,31,39,0.44285714285714284,-58
314,Boston Bruins,2002,4,245,237,36,31,0.5373134328358209,8
315,Buffalo Sabres,2002,8,190,219,27,37,0.421875,-29
316,Calgary Flames,2002,4,186,228,29,36,0.4461538461538462,-42
317,Carolina Hurricanes,2002,6,171,240,22,43,0.3384615384615385,-69
318,Columbus Blue Jackets,2002,3,213,263,29,42,0.4084507042253521,-50
319,Chicago Blackhawks,2002,6,207,226,30,33,0.47619047619047616,-19
320,Colorado Avalanche,2002,8,251,194,42,19,0.6885245901639344,57
321,Dallas Stars,2002,4,245,169,46,17,0.7301587301587301,76
322,Detroit Red Wings,2002,4,269,203,48,20,0.7058823529411765,66
323,Edmonton Oilers,2002,9,231,230,36,26,0.5806451612903226,1
324,Florida Panthers,2002,9,176,237,24,36,0.4,-61
325,Los Angeles Kings,2002,6,203,221,33,37,0.4714285714285714,-18
326,Minnesota Wild,2002,1,198,178,42,29,0.5915492957746479,20
327,Montreal Canadiens,2002,9,206,234,30,35,0.46153846153846156,-28
328,Nashville Predators,2002,7,183,206,27,35,0.43548387096774194,-23
329,New Jersey Devils,2002,6,216,166,46,20,0.696969696969697,50
330,New York Islanders,2002,2,224,231,35,34,0.5072463768115942,-7
331,New York Rangers,2002,4,210,231,32,36,0.47058823529411764,-21
332,Ottawa Senators,2002,1,263,182,52,21,0.7123287671232876,81
333,Philadelphia Flyers,2002,4,211,166,45,20,0.6923076923076923,45
334,Phoenix Coyotes,2002,5,204,230,31,35,0.4696969696969697,-26
335,Pittsburgh Penguins,2002,5,189,255,27,44,0.38028169014084506,-66
336,San Jose Sharks,2002,8,214,239,28,37,0.4307692307692308,-25
337,St. Louis Blues,2002,6,253,222,41,24,0.6307692307692307,31
338,Tampa Bay Lightning,2002,5,219,210,36,25,0.5901639344262295,9
339,Toronto Maple Leafs,2002,3,236,208,44,28,0.6111111111111112,28
340,Vancouver Canucks,2002,1,264,208,45,23,0.6617647058823529,56
341,Washington Capitals,2002,6,224,220,39,29,0.5735294117647058,4
342,Mighty Ducks of Anaheim,2003,8,184,213,29,35,0.453125,-29
343,Atlanta Thrashers,2003,4,214,243,33,37,0.4714285714285714,-29
344,Boston Bruins,2003,7,209,188,41,19,0.6833333333333333,21
345,Buffalo Sabres,2003,4,220,221,37,34,0.5211267605633803,-1
346,Calgary Flames,2003,3,200,176,42,30,0.5833333333333334,24
347,Carolina Hurricanes,2003,6,172,209,28,34,0.45161290322580644,-37
348,Columbus Blue Jackets,2003,4,177,238,25,45,0.35714285714285715,-61
349,Chicago Blackhawks,2003,8,188,259,20,43,0.31746031746031744,-71
350,Colorado Avalanche,2003,7,236,198,40,22,0.6451612903225806,38
351,Dallas Stars,2003,2,194,175,41,26,0.6119402985074627,19
352,Detroit Red Wings,2003,2,255,189,48,21,0.6956521739130435,66
353,Edmonton Oilers,2003,5,221,208,36,29,0.5538461538461539,13
354,Florida Panthers,2003,4,188,221,28,35,0.4444444444444444,-33
355,Los Angeles Kings,2003,9,205,217,28,29,0.49122807017543857,-12
356,Minnesota Wild,2003,3,188,183,30,29,0.5084745762711864,5
357,Montreal Canadiens,2003,4,208,192,41,30,0.5774647887323944,16
358,Nashville Predators,2003,4,216,217,38,29,0.5671641791044776,-1
359,New Jersey Devils,2003,2,213,164,43,25,0.6323529411764706,49
360,New York Islanders,2003,4,237,210,38,29,0.5671641791044776,27
361,New York Rangers,2003,8,206,250,27,40,0.40298507462686567,-44
362,Ottawa Senators,2003,6,262,189,43,23,0.6515151515151515,73
363,Philadelphia Flyers,2003,6,229,186,40,21,0.6557377049180327,43
364,Phoenix Coyotes,2003,6,188,245,22,36,0.3793103448275862,-57
365,Pittsburgh Penguins,2003,4,190,303,23,47,0.32857142857142857,-113
366,San Jose Sharks,2003,6,219,183,43,21,0.671875,36
367,St. Louis Blues,2003,2,191,198,39,30,0.5652173913043478,-7
368,Tampa Bay Lightning,2003,6,245,192,46,22,0.6764705882352942,53
369,Toronto Maple Leafs,2003,3,242,204,45,24,0.6521739130434783,38
370,Vancouver Canucks,2003,5,235,194,43,24,0.6417910447761194,41
371,Washington Capitals,2003,3,186,253,23,46,0.3333333333333333,-67
372,Mighty Ducks of Anaheim,2005,12,254,229,43,27,0.6142857142857143,25
373,Atlanta Thrashers,2005,8,281,275,41,33,0.5540540540540541,6
374,Boston Bruins,2005,16,230,266,29,37,0.4393939393939394,-36
375,Buffalo Sabres,2005,6,281,239,52,24,0.6842105263157895,42
376,Calgary Flames,2005,11,218,200,46,25,0.647887323943662,18
377,Carolina Hurricanes,2005,8,294,260,52,22,0.7027027027027027,34
378,Columbus Blue Jackets,2005,4,223,279,35,43,0.44871794871794873,-56
379,Chicago Blackhawks,2005,13,211,285,26,43,0.37681159420289856,-74
380,Colorado Avalanche,2005,9,283,257,43,30,0.589041095890411,26
381,Dallas Stars,2005,6,265,218,53,23,0.6973684210526315,47
382,Detroit Red Wings,2005,8,305,209,58,16,0.7837837837837838,96
383,Edmonton Oilers,2005,13,256,251,41,28,0.5942028985507246,5
384,Florida Panthers,2005,11,240,257,37,34,0.5211267605633803,-17
385,Los Angeles Kings,2005,5,249,270,42,35,0.5454545454545454,-21
386,Minnesota Wild,2005,8,231,215,38,36,0.5135135135135135,16
387,Montreal Canadiens,2005,9,243,247,42,31,0.5753424657534246,-4
388,Nashville Predators,2005,8,259,227,49,25,0.6621621621621622,32
389,New Jersey Devils,2005,9,242,229,46,27,0.6301369863013698,13
390,New York Islanders,2005,6,230,278,36,40,0.47368421052631576,-48
391,New York Rangers,2005,12,257,215,44,26,0.6285714285714286,42
392,Ottawa Senators,2005,9,314,211,52,21,0.7123287671232876,103
393,Philadelphia Flyers,2005,11,267,259,45,26,0.6338028169014085,8
394,Phoenix Coyotes,2005,5,246,271,38,39,0.4935064935064935,-25
395,Pittsburgh Penguins,2005,14,244,316,22,46,0.3235294117647059,-72
396,San Jose Sharks,2005,11,266,242,44,27,0.6197183098591549,24
397,St. Louis Blues,2005,15,197,292,21,46,0.31343283582089554,-95
398,Tampa Bay Lightning,2005,6,252,260,43,33,0.5657894736842105,-8
399,Toronto Maple Leafs,2005,8,257,270,41,33,0.5540540540540541,-13
400,Vancouver Canucks,2005,8,256,255,42,32,0.5675675675675675,1
401,Washington Capitals,2005,12,237,306,29,41,0.4142857142857143,-69
402,Anaheim Ducks,2006,14,258,208,48,20,0.7058823529411765,50
403,Atlanta Thrashers,2006,11,246,245,43,28,0.6056338028169014,1
404,Boston Bruins,2006,6,219,289,35,41,0.4605263157894737,-70
405,Buffalo Sabres,2006,7,308,242,53,22,0.7066666666666667,66
406,Calgary Flames,2006,10,258,226,43,29,0.5972222222222222,32
407,Carolina Hurricanes,2006,8,241,253,40,34,0.5405405405405406,-12
408,Columbus Blue Jackets,2006,7,201,249,33,42,0.44,-48
409,Chicago Blackhawks,2006,9,201,258,31,42,0.4246575342465753,-57
410,Colorado Avalanche,2006,7,272,251,44,31,0.5866666666666667,21
411,Dallas Stars,2006,7,226,197,50,25,0.6666666666666666,29
412,Detroit Red Wings,2006,13,254,199,50,19,0.7246376811594203,55
413,Edmonton Oilers,2006,7,195,248,32,43,0.4266666666666667,-53
414,Florida Panthers,2006,16,247,257,35,31,0.5303030303030303,-10
415,Los Angeles Kings,2006,14,227,283,27,41,0.39705882352941174,-56
416,Minnesota Wild,2006,8,235,191,48,26,0.6486486486486487,44
417,Montreal Canadiens,2006,6,245,256,42,34,0.5526315789473685,-11
418,Nashville Predators,2006,8,272,212,51,23,0.6891891891891891,60
419,New Jersey Devils,2006,9,216,201,49,24,0.6712328767123288,15
420,New York Islanders,2006,12,248,240,40,30,0.5714285714285714,8
421,New York Rangers,2006,10,242,216,42,30,0.5833333333333334,26
422,Ottawa Senators,2006,9,288,222,48,25,0.6575342465753424,66
423,Philadelphia Flyers,2006,12,214,303,22,48,0.3142857142857143,-89
424,Phoenix Coyotes,2006,5,216,284,31,46,0.4025974025974026,-68
425,Pittsburgh Penguins,2006,11,277,246,47,24,0.6619718309859155,31
426,San Jose Sharks,2006,5,258,199,51,26,0.6623376623376623,59
427,St. Louis Blues,2006,13,214,254,34,35,0.4927536231884058,-40
428,Tampa Bay Lightning,2006,5,253,261,44,33,0.5714285714285714,-8
429,Toronto Maple Leafs,2006,11,258,269,40,31,0.5633802816901409,-11
430,Vancouver Canucks,2006,7,222,201,49,26,0.6533333333333333,21
431,Washington Capitals,2006,14,235,286,28,40,0.4117647058823529,-51
432,Anaheim Ducks,2007,8,205,191,47,27,0.6351351351351351,14
433,Atlanta Thrashers,2007,8,216,272,34,40,0.4594594594594595,-56
434,Boston Bruins,2007,12,212,222,41,29,0.5857142857142857,-10
435,Buffalo Sabres,2007,12,255,242,39,31,0.5571428571428572,13
436,Calgary Flames,2007,10,229,227,42,30,0.5833333333333334,2
437,Carolina Hurricanes,2007,6,252,249,43,33,0.5657894736842105,3
438,Columbus Blue Jackets,2007,12,193,218,34,36,0.4857142857142857,-25
439,Chicago Blackhawks,2007,8,239,235,40,34,0.5405405405405406,4
440,Colorado Avalanche,2007,7,231,219,44,31,0.5866666666666667,12
441,Dallas Stars,2007,7,242,207,45,30,0.6,35
442,Detroit Red Wings,2007,7,257,184,54,21,0.72,73
443,Edmonton Oilers,2007,6,235,251,41,35,0.5394736842105263,-16
444,Florida Panthers,2007,9,216,226,38,35,0.5205479452054794,-10
445,Los Angeles Kings,2007,7,231,266,32,43,0.4266666666666667,-35
446,Minnesota Wild,2007,10,223,218,44,28,0.6111111111111112,5
447,Montreal Canadiens,2007,10,262,222,47,25,0.6527777777777778,40
448,Nashville Predators,2007,9,230,229,41,32,0.5616438356164384,1
449,New Jersey Devils,2007,7,206,197,46,29,0.6133333333333333,9
450,New York Islanders,2007,9,194,243,35,38,0.4794520547945205,-49
451,New York Rangers,2007,13,213,199,42,27,0.6086956521739131,14
452,Ottawa Senators,2007,8,261,247,43,31,0.581081081081081,14
453,Philadelphia Flyers,2007,11,248,233,42,29,0.5915492957746479,15
454,Phoenix Coyotes,2007,7,214,231,38,37,0.5066666666666667,-17
455,Pittsburgh Penguins,2007,8,247,216,47,27,0.6351351351351351,31
456,San Jose Sharks,2007,10,222,193,49,23,0.6805555555555556,29
457,St. Louis Blues,2007,13,205,237,33,36,0.4782608695652174,-32
458,Tampa Bay Lightning,2007,9,223,267,31,42,0.4246575342465753,-44
459,Toronto Maple Leafs,2007,11,231,260,36,35,0.5070422535211268,-29
460,Vancouver Canucks,2007,10,213,215,39,33,0.5416666666666666,-2
461,Washington Capitals,2007,8,242,231,43,31,0.581081081081081,11
462,Anaheim Ducks,2008,7,245,238,42,33,0.56,7
463,Atlanta Thrashers,2008,6,257,280,35,41,0.4605263157894737,-23
464,Boston Bruins,2008,10,274,196,53,19,0.7361111111111112,78
465,Buffalo Sabres,2008,9,250,234,41,32,0.5616438356164384,16
466,Calgary Flames,2008,6,254,248,46,30,0.6052631578947368,6
467,Carolina Hurricanes,2008,7,239,226,45,30,0.6,13
468,Columbus Blue Jackets,2008,10,226,230,41,31,0.5694444444444444,-4
469,Chicago Blackhawks,2008,12,264,216,46,24,0.6571428571428571,48
470,Colorado Avalanche,2008,5,199,257,32,45,0.4155844155844156,-58
471,Dallas Stars,2008,11,230,257,36,35,0.5070422535211268,-27
472,Detroit Red Wings,2008,10,295,244,51,21,0.7083333333333334,51
473,Edmonton Oilers,2008,9,234,248,38,35,0.5205479452054794,-14
474,Florida Panthers,2008,11,234,231,41,30,0.5774647887323944,3
475,Los Angeles Kings,2008,11,207,234,34,37,0.4788732394366197,-27
476,Minnesota Wild,2008,9,219,200,40,33,0.547945205479452,19
477,Montreal Canadiens,2008,11,249,247,41,30,0.5774647887323944,2
478,Nashville Predators,2008,8,213,233,40,34,0.5405405405405406,-20
479,New Jersey Devils,2008,4,244,209,51,27,0.6538461538461539,35
480,New York Islanders,2008,9,201,279,26,47,0.3561643835616438,-78
481,New York Rangers,2008,9,210,218,43,30,0.589041095890411,-8
482,Ottawa Senators,2008,11,217,237,36,35,0.5070422535211268,-20
483,Philadelphia Flyers,2008,11,264,238,44,27,0.6197183098591549,26
484,Phoenix Coyotes,2008,7,208,252,36,39,0.48,-44
485,Pittsburgh Penguins,2008,9,264,239,45,28,0.6164383561643836,25
486,San Jose Sharks,2008,11,257,204,53,18,0.7464788732394366,53
487,St. Louis Blues,2008,10,233,233,41,31,0.5694444444444444,0
488,Tampa Bay Lightning,2008,18,210,279,24,40,0.375,-69
489,Toronto Maple Leafs,2008,13,250,293,34,35,0.4927536231884058,-43
490,Vancouver Canucks,2008,10,246,220,45,27,0.625,26
491,Washington Capitals,2008,8,272,245,50,24,0.6756756756756757,27
492,Anaheim Ducks,2009,11,238,251,39,32,0.5492957746478874,-13
493,Atlanta Thrashers,2009,13,234,256,35,34,0.5072463768115942,-22
494,Boston Bruins,2009,13,206,200,39,30,0.5652173913043478,6
495,Buffalo Sabres,2009,10,235,207,45,27,0.625,28
496,Calgary Flames,2009,10,204,210,40,32,0.5555555555555556,-6
497,Carolina Hurricanes,2009,10,230,256,35,37,0.4861111111111111,-26
498,Columbus Blue Jackets,2009,15,216,259,32,35,0.47761194029850745,-43
499,Chicago Blackhawks,2009,8,271,209,52,22,0.7027027027027027,62
500,Colorado Avalanche,2009,9,244,233,43,30,0.589041095890411,11
501,Dallas Stars,2009,14,237,254,37,31,0.5441176470588235,-17
502,Detroit Red Wings,2009,14,229,216,44,24,0.6470588235294118,13
503,Edmonton Oilers,2009,8,214,284,27,47,0.36486486486486486,-70
504,Florida Panthers,2009,13,208,244,32,37,0.463768115942029,-36
505,Los Angeles Kings,2009,9,241,219,46,27,0.6301369863013698,22
506,Minnesota Wild,2009,8,219,246,38,36,0.5135135135135135,-27
507,Montreal Canadiens,2009,10,217,223,39,33,0.5416666666666666,-6
508,Nashville Predators,2009,6,225,225,47,29,0.618421052631579,0
509,New Jersey Devils,2009,7,222,191,48,27,0.64,31
510,New York Islanders,2009,11,222,264,34,37,0.4788732394366197,-42
511,New York Rangers,2009,11,222,218,38,33,0.5352112676056338,4
512,Ottawa Senators,2009,6,225,238,44,32,0.5789473684210527,-13
513,Philadelphia Flyers,2009,6,236,225,41,35,0.5394736842105263,11
514,Phoenix Coyotes,2009,7,225,202,50,25,0.6666666666666666,23
515,Pittsburgh Penguins,2009,7,257,237,47,28,0.6266666666666667,20
516,San Jose Sharks,2009,11,264,215,51,20,0.7183098591549296,49
517,St. Louis Blues,2009,10,225,223,40,32,0.5555555555555556,2
518,Tampa Bay Lightning,2009,12,217,260,34,36,0.4857142857142857,-43
519,Toronto Maple Leafs,2009,14,214,267,30,38,0.4411764705882353,-53
520,Vancouver Canucks,2009,5,272,222,49,28,0.6363636363636364,50
521,Washington Capitals,2009,13,318,233,54,15,0.782608695652174,85
522,Anaheim Ducks,2010,5,239,235,47,30,0.6103896103896104,4
523,Atlanta Thrashers,2010,12,223,269,34,36,0.4857142857142857,-46
524,Boston Bruins,2010,11,246,195,46,25,0.647887323943662,51
525,Buffalo Sabres,2010,10,245,229,43,29,0.5972222222222222,16
526,Calgary Flames,2010,12,250,237,41,29,0.5857142857142857,13
527,Carolina Hurricanes,2010,11,236,239,40,31,0.5633802816901409,-3
528,Columbus Blue Jackets,2010,13,215,258,34,35,0.4927536231884058,-43
529,Chicago Blackhawks,2010,9,258,225,44,29,0.6027397260273972,33
530,Colorado Avalanche,2010,8,227,288,30,44,0.40540540540540543,-61
531,Dallas Stars,2010,11,227,233,42,29,0.5915492957746479,-6
532,Detroit Red Wings,2010,10,261,241,47,25,0.6527777777777778,20
533,Edmonton Oilers,2010,12,193,269,25,45,0.35714285714285715,-76
534,Florida Panthers,2010,12,195,229,30,40,0.42857142857142855,-34
535,Los Angeles Kings,2010,6,219,198,46,30,0.6052631578947368,21
536,Minnesota Wild,2010,8,206,233,39,35,0.527027027027027,-27
537,Montreal Canadiens,2010,8,216,209,44,30,0.5945945945945946,7
538,Nashville Predators,2010,11,219,194,44,27,0.6197183098591549,25
539,New Jersey Devils,2010,5,174,209,38,39,0.4935064935064935,-35
540,New York Islanders,2010,13,229,264,30,39,0.43478260869565216,-35
541,New York Rangers,2010,5,233,198,44,33,0.5714285714285714,35
542,Ottawa Senators,2010,10,192,250,32,40,0.4444444444444444,-58
543,Philadelphia Flyers,2010,12,259,223,47,23,0.6714285714285714,36
544,Phoenix Coyotes,2010,13,231,226,43,26,0.6231884057971014,5
545,Pittsburgh Penguins,2010,8,238,199,49,25,0.6621621621621622,39
546,San Jose Sharks,2010,9,248,213,48,25,0.6575342465753424,35
547,St. Louis Blues,2010,11,240,234,38,33,0.5352112676056338,6
548,Tampa Bay Lightning,2010,11,247,240,46,25,0.647887323943662,7
549,Toronto Maple Leafs,2010,11,218,251,37,34,0.5211267605633803,-33
550,Vancouver Canucks,2010,9,262,185,54,19,0.7397260273972602,77
551,Washington Capitals,2010,11,224,197,48,23,0.676056338028169,27
552,Anaheim Ducks,2011,12,204,231,34,36,0.4857142857142857,-27
553,Boston Bruins,2011,4,269,202,49,29,0.6282051282051282,67
554,Buffalo Sabres,2011,11,218,230,39,32,0.5492957746478874,-12
555,Calgary Flames,2011,16,202,226,37,29,0.5606060606060606,-24
556,Carolina Hurricanes,2011,16,213,243,33,33,0.5,-30
557,Columbus Blue Jackets,2011,7,202,262,29,46,0.38666666666666666,-60
558,Chicago Blackhawks,2011,11,248,238,45,26,0.6338028169014085,10
559,Colorado Avalanche,2011,6,208,220,41,35,0.5394736842105263,-12
560,Dallas Stars,2011,5,211,222,42,35,0.5454545454545454,-11
561,Detroit Red Wings,2011,6,248,203,48,28,0.631578947368421,45
562,Edmonton Oilers,2011,10,212,239,32,40,0.4444444444444444,-27
563,Florida Panthers,2011,18,203,227,38,26,0.59375,-24
564,Los Angeles Kings,2011,15,194,179,40,27,0.5970149253731343,15
565,Minnesota Wild,2011,11,177,226,35,36,0.49295774647887325,-49
566,Montreal Canadiens,2011,16,212,226,31,35,0.4696969696969697,-14
567,Nashville Predators,2011,8,237,210,48,26,0.6486486486486487,27
568,New Jersey Devils,2011,6,228,209,48,28,0.631578947368421,19
569,New York Islanders,2011,11,203,255,34,37,0.4788732394366197,-52
570,New York Rangers,2011,7,226,187,51,24,0.68,39
571,Ottawa Senators,2011,10,249,240,41,31,0.5694444444444444,9
572,Philadelphia Flyers,2011,9,264,232,47,26,0.6438356164383562,32
573,Phoenix Coyotes,2011,13,216,204,42,27,0.6086956521739131,12
574,Pittsburgh Penguins,2011,6,282,221,51,25,0.6710526315789473,61
575,San Jose Sharks,2011,10,228,210,43,29,0.5972222222222222,18
576,St. Louis Blues,2011,11,210,165,49,22,0.6901408450704225,45
577,Tampa Bay Lightning,2011,8,235,281,38,36,0.5135135135135135,-46
578,Toronto Maple Leafs,2011,10,231,264,35,37,0.4861111111111111,-33
579,Vancouver Canucks,2011,9,249,198,51,22,0.6986301369863014,51
580,Washington Capitals,2011,8,222,230,42,32,0.5675675675675675,-8
581,Winnipeg Jets,2011,10,225,246,37,35,0.5138888888888888,-21
